;Species;tax.id;Genus;Family;Order;Class;Phylum;Kingdom;Domain;DemersPelag
1;Abantennarius coccineus;2919613;Abantennarius;Antennariidae;Lophiiformes;Actinopteri;Chordata;Metazoa;Eukaryota;reef-associated
2;Abudefduf septemfasciatus;229092;Abudefduf;Pomacentridae;Perciformes;Actinopteri;Chordata;Metazoa;Eukaryota;reef-associated
3;Abudefduf sexfasciatus;80948;Abudefduf;Pomacentridae;Perciformes;Actinopteri;Chordata;Metazoa;Eukaryota;reef-associated
4;Abudefduf sordidus;192870;Abudefduf;Pomacentridae;Perciformes;Actinopteri;Chordata;Metazoa;Eukaryota;reef-associated
5;Abudefduf vaigiensis;192871;Abudefduf;Pomacentridae;Perciformes;Actinopteri;Chordata;Metazoa;Eukaryota;reef-associated
6;Acanthurus achilles;753643;Acanthurus;Acanthuridae;Acanthuriformes;Actinopteri;Chordata;Metazoa;Eukaryota;reef-associated
7;Acanthurus guttatus;75013;Acanthurus;Acanthuridae;Acanthuriformes;Actinopteri;Chordata;Metazoa;Eukaryota;reef-associated
8;Acanthurus leucopareius;1828454;Acanthurus;Acanthuridae;Acanthuriformes;Actinopteri;Chordata;Metazoa;Eukaryota;reef-associated
9;Acanthurus lineatus;483362;Acanthurus;Acanthuridae;Acanthuriformes;Actinopteri;Chordata;Metazoa;Eukaryota;reef-associated
10;Acanthurus nigricans;175431;Acanthurus;Acanthuridae;Acanthuriformes;Actinopteri;Chordata;Metazoa;Eukaryota;reef-associated
11;Acanthurus nigricauda;753644;Acanthurus;Acanthuridae;Acanthuriformes;Actinopteri;Chordata;Metazoa;Eukaryota;reef-associated
12;Acanthurus nigrofuscus;12913;Acanthurus;Acanthuridae;Acanthuriformes;Actinopteri;Chordata;Metazoa;Eukaryota;reef-associated
13;Acanthurus nigros;2745939;Acanthurus;Acanthuridae;Acanthuriformes;Actinopteri;Chordata;Metazoa;Eukaryota;reef-associated
14;Acanthurus olivaceus;238053;Acanthurus;Acanthuridae;Acanthuriformes;Actinopteri;Chordata;Metazoa;Eukaryota;reef-associated
15;Acanthurus pyroferus;175433;Acanthurus;Acanthuridae;Acanthuriformes;Actinopteri;Chordata;Metazoa;Eukaryota;reef-associated
16;Acanthurus reversus;1567455;Acanthurus;Acanthuridae;Acanthuriformes;Actinopteri;Chordata;Metazoa;Eukaryota;reef-associated
17;Acanthurus thompsoni;175434;Acanthurus;Acanthuridae;Acanthuriformes;Actinopteri;Chordata;Metazoa;Eukaryota;reef-associated
18;Acanthurus triostegus;175435;Acanthurus;Acanthuridae;Acanthuriformes;Actinopteri;Chordata;Metazoa;Eukaryota;reef-associated
19;Acanthurus xanthopterus;75014;Acanthurus;Acanthuridae;Acanthuriformes;Actinopteri;Chordata;Metazoa;Eukaryota;reef-associated
20;Albula glossodonta;121402;Albula;Albulidae;Albuliformes;Actinopteri;Chordata;Metazoa;Eukaryota;reef-associated
21;Alticus simplicirrus;1892326;Alticus;Blenniidae;Blenniiformes;Actinopteri;Chordata;Metazoa;Eukaryota;reef-associated
22;Aluterus scriptus;303710;Aluterus;Monacanthidae;Tetraodontiformes;Actinopteri;Chordata;Metazoa;Eukaryota;reef-associated
23;Amanses scopas;245707;Amanses;Monacanthidae;Tetraodontiformes;Actinopteri;Chordata;Metazoa;Eukaryota;reef-associated
24;Amblycirrhitus bimacula;529471;Amblycirrhitus;Cirrhitidae;Centrarchiformes;Actinopteri;Chordata;Metazoa;Eukaryota;reef-associated
25;Amblyeleotris marquesas;2589286;Amblyeleotris;Gobiidae;Gobiiformes;Actinopteri;Chordata;Metazoa;Eukaryota;reef-associated
26;Amblygobius phalaena;166732;Amblygobius;Gobiidae;Gobiiformes;Actinopteri;Chordata;Metazoa;Eukaryota;reef-associated
27;Amphiprion chrysopterus;229071;Amphiprion;Pomacentridae;Perciformes;Actinopteri;Chordata;Metazoa;Eukaryota;reef-associated
28;Anampses caeruleopunctatus;241263;Anampses;Labridae;Labriformes;Actinopteri;Chordata;Metazoa;Eukaryota;reef-associated
29;Anampses melanurus;1119051;Anampses;Labridae;Labriformes;Actinopteri;Chordata;Metazoa;Eukaryota;reef-associated
30;Anampses meleagrides;347726;Anampses;Labridae;Labriformes;Actinopteri;Chordata;Metazoa;Eukaryota;reef-associated
31;Anampses twistii;317474;Anampses;Labridae;Labriformes;Actinopteri;Chordata;Metazoa;Eukaryota;reef-associated
32;Antennatus tuberosus;882772;Antennatus;Antennariidae;Lophiiformes;Actinopteri;Chordata;Metazoa;Eukaryota;reef-associated
33;Aphareus furca;396779;Aphareus;Lutjanidae;Lutjaniformes;Actinopteri;Chordata;Metazoa;Eukaryota;reef-associated
34;Apogon lativittatus;1567464;Apogon;Apogonidae;Kurtiformes;Actinopteri;Chordata;Metazoa;Eukaryota;reef-associated
35;Apogon marquesensis;2589346;Apogon;Apogonidae;Kurtiformes;Actinopteri;Chordata;Metazoa;Eukaryota;reef-associated
36;Apogonichthys ocellatus;1147079;Apogonichthys;Apogonidae;Kurtiformes;Actinopteri;Chordata;Metazoa;Eukaryota;reef-associated
37;Aprion virescens;396781;Aprion;Lutjanidae;Lutjaniformes;Actinopteri;Chordata;Metazoa;Eukaryota;reef-associated
38;Arothron hispidus;300221;Arothron;Tetraodontidae;Tetraodontiformes;Actinopteri;Chordata;Metazoa;Eukaryota;reef-associated
39;Arothron meleagris;342437;Arothron;Tetraodontidae;Tetraodontiformes;Actinopteri;Chordata;Metazoa;Eukaryota;reef-associated
40;Aspidontus taeniatus;587044;Aspidontus;Blenniidae;Blenniiformes;Actinopteri;Chordata;Metazoa;Eukaryota;reef-associated
41;Asterropteryx semipunctata;151713;Asterropteryx;Gobiidae;Gobiiformes;Actinopteri;Chordata;Metazoa;Eukaryota;reef-associated
42;Aulostomus chinensis;150448;Aulostomus;Aulostomidae;Syngnathiformes;Actinopteri;Chordata;Metazoa;Eukaryota;reef-associated
43;Balistapus undulatus;392899;Balistapus;Balistidae;Tetraodontiformes;Actinopteri;Chordata;Metazoa;Eukaryota;reef-associated
44;Balistoides viridescens;303705;Balistoides;Balistidae;Tetraodontiformes;Actinopteri;Chordata;Metazoa;Eukaryota;reef-associated
45;Blenniella gibbifrons;1146954;Blenniella;Blenniidae;Blenniiformes;Actinopteri;Chordata;Metazoa;Eukaryota;reef-associated
46;Bodianus axillaris;242809;Bodianus;Labridae;Labriformes;Actinopteri;Chordata;Metazoa;Eukaryota;reef-associated
47;Boops boops;36219;Boops;Sparidae;Spariformes;Actinopteri;Chordata;Metazoa;Eukaryota;reef-associated
48;Bothus mancus;1156090;Bothus;Bothidae;Pleuronectiformes;Actinopteri;Chordata;Metazoa;Eukaryota;reef-associated
49;Bothus pantherinus;366905;Bothus;Bothidae;Pleuronectiformes;Actinopteri;Chordata;Metazoa;Eukaryota;reef-associated
50;Brotula multibarbata;417945;Brotula;Ophidiidae;Ophidiiformes;Actinopteri;Chordata;Metazoa;Eukaryota;reef-associated
51;Callechelys catostoma;1156454;Callechelys;Ophichthidae;Anguilliformes;Actinopteri;Chordata;Metazoa;Eukaryota;reef-associated
52;Callionymus marquesensis;2589345;Callionymus;Callionymidae;Syngnathiformes;Actinopteri;Chordata;Metazoa;Eukaryota;reef-associated
53;Callionymus simplicicornis;1156457;Callionymus;Callionymidae;Syngnathiformes;Actinopteri;Chordata;Metazoa;Eukaryota;reef-associated
54;Callogobius sclateri;166739;Callogobius;Gobiidae;Gobiiformes;Actinopteri;Chordata;Metazoa;Eukaryota;reef-associated
55;Calotomus carolinus;188112;Calotomus;Labridae;Labriformes;Actinopteri;Chordata;Metazoa;Eukaryota;reef-associated
56;Cantherhines dumerilii;303712;Cantherhines;Monacanthidae;Tetraodontiformes;Actinopteri;Chordata;Metazoa;Eukaryota;reef-associated
57;Cantherhines pardalis;1003697;Cantherhines;Monacanthidae;Tetraodontiformes;Actinopteri;Chordata;Metazoa;Eukaryota;reef-associated
58;Canthigaster amboinensis;303742;Canthigaster;Tetraodontidae;Tetraodontiformes;Actinopteri;Chordata;Metazoa;Eukaryota;reef-associated
59;Canthigaster axiologus;1207433;Canthigaster;Tetraodontidae;Tetraodontiformes;Actinopteri;Chordata;Metazoa;Eukaryota;reef-associated
60;Canthigaster bennetti;303744;Canthigaster;Tetraodontidae;Tetraodontiformes;Actinopteri;Chordata;Metazoa;Eukaryota;reef-associated
61;Canthigaster janthinoptera;303755;Canthigaster;Tetraodontidae;Tetraodontiformes;Actinopteri;Chordata;Metazoa;Eukaryota;reef-associated
62;Canthigaster rapaensis;1207435;Canthigaster;Tetraodontidae;Tetraodontiformes;Actinopteri;Chordata;Metazoa;Eukaryota;reef-associated
63;Canthigaster solandri;303743;Canthigaster;Tetraodontidae;Tetraodontiformes;Actinopteri;Chordata;Metazoa;Eukaryota;reef-associated
64;Canthigaster valentini;223152;Canthigaster;Tetraodontidae;Tetraodontiformes;Actinopteri;Chordata;Metazoa;Eukaryota;reef-associated
65;Caracanthus maculatus;274728;Caracanthus;Caracanthidae;Perciformes;Actinopteri;Chordata;Metazoa;Eukaryota;reef-associated
66;Caracanthus unipinna;1146959;Caracanthus;Caracanthidae;Perciformes;Actinopteri;Chordata;Metazoa;Eukaryota;reef-associated
67;Carangoides ferdau;454062;Carangoides;Carangidae;Carangiformes;Actinopteri;Chordata;Metazoa;Eukaryota;both
68;Caranx ignobilis;376895;Caranx;Carangidae;Carangiformes;Actinopteri;Chordata;Metazoa;Eukaryota;both
69;Caranx lugubris;1156094;Caranx;Carangidae;Carangiformes;Actinopteri;Chordata;Metazoa;Eukaryota;both
70;Caranx melampygus;181461;Caranx;Carangidae;Carangiformes;Actinopteri;Chordata;Metazoa;Eukaryota;both
71;Caranx sexfasciatus;173346;Caranx;Carangidae;Carangiformes;Actinopteri;Chordata;Metazoa;Eukaryota;both
72;Carcharhinus amblyrhynchos;263684;Carcharhinus;Carcharhinidae;Carcharhiniformes;Chondrichthyes;Chordata;Metazoa;Eukaryota;reef-associated
73;Carcharhinus falciformis;202609;Carcharhinus;Carcharhinidae;Carcharhiniformes;Chondrichthyes;Chordata;Metazoa;Eukaryota;reef-associated
74;Carcharhinus galapagensis;671159;Carcharhinus;Carcharhinidae;Carcharhiniformes;Chondrichthyes;Chordata;Metazoa;Eukaryota;reef-associated
75;Carcharhinus leucas;46612;Carcharhinus;Carcharhinidae;Carcharhiniformes;Chondrichthyes;Chordata;Metazoa;Eukaryota;reef-associated
76;Carcharhinus limbatus;61865;Carcharhinus;Carcharhinidae;Carcharhiniformes;Chondrichthyes;Chordata;Metazoa;Eukaryota;reef-associated
77;Carcharhinus melanopterus;263686;Carcharhinus;Carcharhinidae;Carcharhiniformes;Chondrichthyes;Chordata;Metazoa;Eukaryota;reef-associated
78;Centropyge bispinosa;586785;Centropyge;Pomacanthidae;Perciformes;Actinopteri;Chordata;Metazoa;Eukaryota;reef-associated
79;Centropyge fisheri;367075;Centropyge;Pomacanthidae;Perciformes;Actinopteri;Chordata;Metazoa;Eukaryota;reef-associated
80;Centropyge flavissima;586787;Centropyge;Pomacanthidae;Perciformes;Actinopteri;Chordata;Metazoa;Eukaryota;reef-associated
81;Centropyge heraldi;586788;Centropyge;Pomacanthidae;Perciformes;Actinopteri;Chordata;Metazoa;Eukaryota;reef-associated
82;Centropyge hotumatua;2584973;Centropyge;Pomacanthidae;Perciformes;Actinopteri;Chordata;Metazoa;Eukaryota;reef-associated
83;Centropyge loriculus;586789;Centropyge;Pomacanthidae;Perciformes;Actinopteri;Chordata;Metazoa;Eukaryota;reef-associated
84;Centropyge multicolor;586790;Centropyge;Pomacanthidae;Perciformes;Actinopteri;Chordata;Metazoa;Eukaryota;reef-associated
85;Centropyge nigriocellus;2923461;Centropyge;Pomacanthidae;Perciformes;Actinopteri;Chordata;Metazoa;Eukaryota;reef-associated
86;Cephalopholis argus;309930;Cephalopholis;Serranidae;Perciformes;Actinopteri;Chordata;Metazoa;Eukaryota;reef-associated
87;Cephalopholis leopardus;327771;Cephalopholis;Serranidae;Perciformes;Actinopteri;Chordata;Metazoa;Eukaryota;reef-associated
88;Cephalopholis sexmaculata;334913;Cephalopholis;Serranidae;Perciformes;Actinopteri;Chordata;Metazoa;Eukaryota;reef-associated
89;Cephalopholis spiloparaea;1146960;Cephalopholis;Serranidae;Perciformes;Actinopteri;Chordata;Metazoa;Eukaryota;reef-associated
90;Cephalopholis urodeta;160709;Cephalopholis;Serranidae;Perciformes;Actinopteri;Chordata;Metazoa;Eukaryota;reef-associated
91;Chaetodon auriga;39042;Chaetodon;Chaetodontidae;Chaetodontiformes;Actinopteri;Chordata;Metazoa;Eukaryota;reef-associated
92;Chaetodon bennetti;466113;Chaetodon;Chaetodontidae;Chaetodontiformes;Actinopteri;Chordata;Metazoa;Eukaryota;reef-associated
93;Chaetodon citrinellus;109686;Chaetodon;Chaetodontidae;Chaetodontiformes;Actinopteri;Chordata;Metazoa;Eukaryota;reef-associated
94;Chaetodon ephippium;109689;Chaetodon;Chaetodontidae;Chaetodontiformes;Actinopteri;Chordata;Metazoa;Eukaryota;reef-associated
95;Chaetodon flavirostris;109690;Chaetodon;Chaetodontidae;Chaetodontiformes;Actinopteri;Chordata;Metazoa;Eukaryota;reef-associated
96;Chaetodon kleinii;109691;Chaetodon;Chaetodontidae;Chaetodontiformes;Actinopteri;Chordata;Metazoa;Eukaryota;reef-associated
97;Chaetodon lineolatus;109693;Chaetodon;Chaetodontidae;Chaetodontiformes;Actinopteri;Chordata;Metazoa;Eukaryota;reef-associated
98;Chaetodon lunula;109694;Chaetodon;Chaetodontidae;Chaetodontiformes;Actinopteri;Chordata;Metazoa;Eukaryota;reef-associated
99;Chaetodon lunulatus;281677;Chaetodon;Chaetodontidae;Chaetodontiformes;Actinopteri;Chordata;Metazoa;Eukaryota;reef-associated
100;Chaetodon mertensii;39032;Chaetodon;Chaetodontidae;Chaetodontiformes;Actinopteri;Chordata;Metazoa;Eukaryota;reef-associated
101;Chaetodon ornatissimus;109700;Chaetodon;Chaetodontidae;Chaetodontiformes;Actinopteri;Chordata;Metazoa;Eukaryota;reef-associated
102;Chaetodon pelewensis;39039;Chaetodon;Chaetodontidae;Chaetodontiformes;Actinopteri;Chordata;Metazoa;Eukaryota;reef-associated
103;Chaetodon quadrimaculatus;146141;Chaetodon;Chaetodontidae;Chaetodontiformes;Actinopteri;Chordata;Metazoa;Eukaryota;reef-associated
104;Chaetodon reticulatus;281676;Chaetodon;Chaetodontidae;Chaetodontiformes;Actinopteri;Chordata;Metazoa;Eukaryota;reef-associated
105;Chaetodon trichrous;281678;Chaetodon;Chaetodontidae;Chaetodontiformes;Actinopteri;Chordata;Metazoa;Eukaryota;reef-associated
106;Chaetodon trifascialis;109706;Chaetodon;Chaetodontidae;Chaetodontiformes;Actinopteri;Chordata;Metazoa;Eukaryota;reef-associated
107;Chaetodon ulietensis;109708;Chaetodon;Chaetodontidae;Chaetodontiformes;Actinopteri;Chordata;Metazoa;Eukaryota;reef-associated
108;Chaetodon unimaculatus;281679;Chaetodon;Chaetodontidae;Chaetodontiformes;Actinopteri;Chordata;Metazoa;Eukaryota;reef-associated
109;Chaetodon vagabundus;109709;Chaetodon;Chaetodontidae;Chaetodontiformes;Actinopteri;Chordata;Metazoa;Eukaryota;reef-associated
110;Chanos chanos;29144;Chanos;Chanidae;Gonorynchiformes;Actinopteri;Chordata;Metazoa;Eukaryota;reef-associated
111;Cheilinus chlorourus;290105;Cheilinus;Labridae;Labriformes;Actinopteri;Chordata;Metazoa;Eukaryota;reef-associated
112;Cheilinus oxycephalus;241270;Cheilinus;Labridae;Labriformes;Actinopteri;Chordata;Metazoa;Eukaryota;reef-associated
113;Cheilinus trilobatus;290113;Cheilinus;Labridae;Labriformes;Actinopteri;Chordata;Metazoa;Eukaryota;reef-associated
114;Cheilinus undulatus;241271;Cheilinus;Labridae;Labriformes;Actinopteri;Chordata;Metazoa;Eukaryota;reef-associated
115;Cheilio inermis;241273;Cheilio;Labridae;Labriformes;Actinopteri;Chordata;Metazoa;Eukaryota;reef-associated
116;Cheilodipterus artus;638131;Cheilodipterus;Apogonidae;Kurtiformes;Actinopteri;Chordata;Metazoa;Eukaryota;reef-associated
117;Cheilodipterus macrodon;490318;Cheilodipterus;Apogonidae;Kurtiformes;Actinopteri;Chordata;Metazoa;Eukaryota;reef-associated
118;Cheilodipterus quinquelineatus;1146961;Cheilodipterus;Apogonidae;Kurtiformes;Actinopteri;Chordata;Metazoa;Eukaryota;reef-associated
119;Cheilopogon spilonotopterus;293914;Cheilopogon;Exocoetidae;Beloniformes;Actinopteri;Chordata;Metazoa;Eukaryota;pelagic
120;Chlorurus frontalis;1156098;Chlorurus;Labridae;Labriformes;Actinopteri;Chordata;Metazoa;Eukaryota;reef-associated
121;Chlorurus microrhinos;544414;Chlorurus;Labridae;Labriformes;Actinopteri;Chordata;Metazoa;Eukaryota;reef-associated
122;Chlorurus spilurus;1236054;Chlorurus;Labridae;Labriformes;Actinopteri;Chordata;Metazoa;Eukaryota;reef-associated
123;Chromis abrupta;1567457;Chromis;Pomacentridae;Perciformes;Actinopteri;Chordata;Metazoa;Eukaryota;reef-associated
124;Chromis acares;997966;Chromis;Pomacentridae;Perciformes;Actinopteri;Chordata;Metazoa;Eukaryota;reef-associated
125;Chromis agilis;229076;Chromis;Pomacentridae;Perciformes;Actinopteri;Chordata;Metazoa;Eukaryota;reef-associated
126;Chromis agilis;229076;Chromis;Pomacentridae;Perciformes;Actinopteri;Chordata;Metazoa;Eukaryota;reef-associated
127;Chromis alpha;646013;Chromis;Pomacentridae;Perciformes;Actinopteri;Chordata;Metazoa;Eukaryota;reef-associated
128;Chromis atripectoralis;229078;Chromis;Pomacentridae;Perciformes;Actinopteri;Chordata;Metazoa;Eukaryota;reef-associated
129;Chromis bami;1268081;Chromis;Pomacentridae;Perciformes;Actinopteri;Chordata;Metazoa;Eukaryota;reef-associated
130;Chromis fatuhivae;1567458;Chromis;Pomacentridae;Perciformes;Actinopteri;Chordata;Metazoa;Eukaryota;reef-associated
131;Chromis flavapicis;1567459;Chromis;Pomacentridae;Perciformes;Actinopteri;Chordata;Metazoa;Eukaryota;reef-associated
132;Chromis iomelas;161900;Chromis;Pomacentridae;Perciformes;Actinopteri;Chordata;Metazoa;Eukaryota;reef-associated
133;Chromis margaritifer;229082;Chromis;Pomacentridae;Perciformes;Actinopteri;Chordata;Metazoa;Eukaryota;reef-associated
134;Chromis vanderbilti;997969;Chromis;Pomacentridae;Perciformes;Actinopteri;Chordata;Metazoa;Eukaryota;reef-associated
135;Chromis viridis;80977;Chromis;Pomacentridae;Perciformes;Actinopteri;Chordata;Metazoa;Eukaryota;reef-associated
136;Chromis xanthura;646018;Chromis;Pomacentridae;Perciformes;Actinopteri;Chordata;Metazoa;Eukaryota;reef-associated
137;Chrysiptera brownriggii;498267;Chrysiptera;Pomacentridae;Perciformes;Actinopteri;Chordata;Metazoa;Eukaryota;reef-associated
138;Chrysiptera galba;229101;Chrysiptera;Pomacentridae;Perciformes;Actinopteri;Chordata;Metazoa;Eukaryota;reef-associated
139;Chrysiptera glauca;229119;Chrysiptera;Pomacentridae;Perciformes;Actinopteri;Chordata;Metazoa;Eukaryota;reef-associated
140;Cirrhilabrus exquisitus;586801;Cirrhilabrus;Labridae;Labriformes;Actinopteri;Chordata;Metazoa;Eukaryota;reef-associated
141;Cirrhilabrus scottorum;586805;Cirrhilabrus;Labridae;Labriformes;Actinopteri;Chordata;Metazoa;Eukaryota;reef-associated
142;Cirrhitichthys oxycephalus;342438;Cirrhitichthys;Cirrhitidae;Centrarchiformes;Actinopteri;Chordata;Metazoa;Eukaryota;reef-associated
143;Cirrhitus pinnulatus;490258;Cirrhitus;Cirrhitidae;Centrarchiformes;Actinopteri;Chordata;Metazoa;Eukaryota;reef-associated
144;Cirripectes alboapicalis;2506937;Cirripectes;Blenniidae;Blenniiformes;Actinopteri;Chordata;Metazoa;Eukaryota;reef-associated
145;Cirripectes fuscoguttatus;1156099;Cirripectes;Blenniidae;Blenniiformes;Actinopteri;Chordata;Metazoa;Eukaryota;reef-associated
146;Cirripectes quagga;879476;Cirripectes;Blenniidae;Blenniiformes;Actinopteri;Chordata;Metazoa;Eukaryota;reef-associated
147;Cirripectes variolosus;1068867;Cirripectes;Blenniidae;Blenniiformes;Actinopteri;Chordata;Metazoa;Eukaryota;reef-associated
148;Coris aygula;241280;Coris;Labridae;Labriformes;Actinopteri;Chordata;Metazoa;Eukaryota;reef-associated
149;Coris gaimard;241281;Coris;Labridae;Labriformes;Actinopteri;Chordata;Metazoa;Eukaryota;reef-associated
150;Coris roseoviridis;2589337;Coris;Labridae;Labriformes;Actinopteri;Chordata;Metazoa;Eukaryota;reef-associated
151;Coryphaena hippurus;34814;Coryphaena;Coryphaenidae;Carangiformes;Actinopteri;Chordata;Metazoa;Eukaryota;pelagic
152;Corythoichthys flavofasciatus;1146965;Corythoichthys;Syngnathidae;Syngnathiformes;Actinopteri;Chordata;Metazoa;Eukaryota;reef-associated
153;Crenimugil crenilabis;143330;Crenimugil;Mugilidae;Mugiliformes;Actinopteri;Chordata;Metazoa;Eukaryota;reef-associated
154;Ctenochaetus binotatus;75020;Ctenochaetus;Acanthuridae;Acanthuriformes;Actinopteri;Chordata;Metazoa;Eukaryota;reef-associated
155;Ctenochaetus flavicauda;753645;Ctenochaetus;Acanthuridae;Acanthuriformes;Actinopteri;Chordata;Metazoa;Eukaryota;reef-associated
156;Ctenochaetus hawaiiensis;390315;Ctenochaetus;Acanthuridae;Acanthuriformes;Actinopteri;Chordata;Metazoa;Eukaryota;reef-associated
157;Ctenochaetus marginatus;342439;Ctenochaetus;Acanthuridae;Acanthuriformes;Actinopteri;Chordata;Metazoa;Eukaryota;reef-associated
158;Ctenochaetus striatus;175436;Ctenochaetus;Acanthuridae;Acanthuriformes;Actinopteri;Chordata;Metazoa;Eukaryota;reef-associated
159;Ctenogobiops feroculus;166743;Ctenogobiops;Gobiidae;Gobiiformes;Actinopteri;Chordata;Metazoa;Eukaryota;reef-associated
160;Dascyllus aruanus;80949;Dascyllus;Pomacentridae;Perciformes;Actinopteri;Chordata;Metazoa;Eukaryota;reef-associated
161;Dascyllus flavicaudus;91610;Dascyllus;Pomacentridae;Perciformes;Actinopteri;Chordata;Metazoa;Eukaryota;reef-associated
162;Dascyllus trimaculatus;50790;Dascyllus;Pomacentridae;Perciformes;Actinopteri;Chordata;Metazoa;Eukaryota;reef-associated
163;Decapterus macarellus;146143;Decapterus;Carangidae;Carangiformes;Actinopteri;Chordata;Metazoa;Eukaryota;both
164;Diaphus splendidus;143323;Diaphus;Myctophidae;Myctophiformes;Actinopteri;Chordata;Metazoa;Eukaryota;pelagic
165;Diodon hystrix;223145;Diodon;Diodontidae;Tetraodontiformes;Actinopteri;Chordata;Metazoa;Eukaryota;reef-associated
166;Doryrhamphus excisus;161450;Doryrhamphus;Syngnathidae;Syngnathiformes;Actinopteri;Chordata;Metazoa;Eukaryota;reef-associated
167;Echeneis naucrates;173247;Echeneis;Echeneidae;Carangiformes;Actinopteri;Chordata;Metazoa;Eukaryota;reef-associated
168;Echidna nebulosa;586818;Echidna;Muraenidae;Anguilliformes;Actinopteri;Chordata;Metazoa;Eukaryota;reef-associated
169;Echidna polyzona;876624;Echidna;Muraenidae;Anguilliformes;Actinopteri;Chordata;Metazoa;Eukaryota;reef-associated
170;Ecsenius midas;152540;Ecsenius;Blenniidae;Blenniiformes;Actinopteri;Chordata;Metazoa;Eukaryota;reef-associated
171;Elagatis bipinnulata;173324;Elagatis;Carangidae;Carangiformes;Actinopteri;Chordata;Metazoa;Eukaryota;both
172;Ellochelon vaigiensis;1111475;Ellochelon;Mugilidae;Mugiliformes;Actinopteri;Chordata;Metazoa;Eukaryota;reef-associated
173;Enchelycore bayeri;1156102;Enchelycore;Muraenidae;Anguilliformes;Actinopteri;Chordata;Metazoa;Eukaryota;reef-associated
174;Enchelynassa canina;876647;Enchelynassa;Muraenidae;Anguilliformes;Actinopteri;Chordata;Metazoa;Eukaryota;reef-associated
175;Encrasicholina punctifer;686570;Encrasicholina;Engraulidae;Clupeiformes;Actinopteri;Chordata;Metazoa;Eukaryota;pelagic
176;Enneapterygius hemimelas;1156104;Enneapterygius;Tripterygiidae;Blenniiformes;Actinopteri;Chordata;Metazoa;Eukaryota;reef-associated
177;Enneapterygius rhabdotus;2589303;Enneapterygius;Tripterygiidae;Blenniiformes;Actinopteri;Chordata;Metazoa;Eukaryota;reef-associated
178;Entomacrodus corneliae;1892331;Entomacrodus;Blenniidae;Blenniiformes;Actinopteri;Chordata;Metazoa;Eukaryota;reef-associated
179;Entomacrodus macrospilus;1892332;Entomacrodus;Blenniidae;Blenniiformes;Actinopteri;Chordata;Metazoa;Eukaryota;pelagic
180;Entomacrodus randalli;1892333;Entomacrodus;Blenniidae;Blenniiformes;Actinopteri;Chordata;Metazoa;Eukaryota;reef-associated
181;Entomacrodus thalassinus;1892334;Entomacrodus;Blenniidae;Blenniiformes;Actinopteri;Chordata;Metazoa;Eukaryota;reef-associated
182;Epibulus insidiator;241289;Epibulus;Labridae;Labriformes;Actinopteri;Chordata;Metazoa;Eukaryota;reef-associated
183;Epinephelus fasciatus;160718;Epinephelus;Serranidae;Perciformes;Actinopteri;Chordata;Metazoa;Eukaryota;reef-associated
184;Epinephelus hexagonatus;163121;Epinephelus;Serranidae;Perciformes;Actinopteri;Chordata;Metazoa;Eukaryota;reef-associated
185;Epinephelus merra;215346;Epinephelus;Serranidae;Perciformes;Actinopteri;Chordata;Metazoa;Eukaryota;reef-associated
186;Epinephelus polyphekadion;241181;Epinephelus;Serranidae;Perciformes;Actinopteri;Chordata;Metazoa;Eukaryota;reef-associated
187;Epinephelus tauvina;203262;Epinephelus;Serranidae;Perciformes;Actinopteri;Chordata;Metazoa;Eukaryota;reef-associated
188;Euleptorhamphus viridis;293913;Euleptorhamphus;Hemiramphidae;Beloniformes;Actinopteri;Chordata;Metazoa;Eukaryota;pelagic
189;Eviota afelei;166747;Eviota;Gobiidae;Gobiiformes;Actinopteri;Chordata;Metazoa;Eukaryota;reef-associated
190;Eviota albolineata;1156107;Eviota;Gobiidae;Gobiiformes;Actinopteri;Chordata;Metazoa;Eukaryota;reef-associated
191;Eviota hinanoae;2589305;Eviota;Gobiidae;Gobiiformes;Actinopteri;Chordata;Metazoa;Eukaryota;reef-associated
192;Evistias acutirostris;1043192;Evistias;Pentacerotidae;Pempheriformes;Actinopteri;Chordata;Metazoa;Eukaryota;reef-associated
193;Exallias brevis;1147085;Exallias;Blenniidae;Blenniiformes;Actinopteri;Chordata;Metazoa;Eukaryota;reef-associated
194;Fistularia commersonii;215343;Fistularia;Fistulariidae;Syngnathiformes;Actinopteri;Chordata;Metazoa;Eukaryota;reef-associated
195;Forcipiger flavissimus;109909;Forcipiger;Chaetodontidae;Chaetodontiformes;Actinopteri;Chordata;Metazoa;Eukaryota;reef-associated
196;Forcipiger longirostris;466130;Forcipiger;Chaetodontidae;Chaetodontiformes;Actinopteri;Chordata;Metazoa;Eukaryota;reef-associated
197;Fowleria isostigma;316378;Fowleria;Apogonidae;Kurtiformes;Actinopteri;Chordata;Metazoa;Eukaryota;reef-associated
198;Fusigobius neophytus;151725;Fusigobius;Gobiidae;Gobiiformes;Actinopteri;Chordata;Metazoa;Eukaryota;reef-associated
199;Galeocerdo cuvier;7819;Galeocerdo;Carcharhinidae;Carcharhiniformes;Chondrichthyes;Chordata;Metazoa;Eukaryota;both
200;Genicanthus bellus;1156109;Genicanthus;Pomacanthidae;Perciformes;Actinopteri;Chordata;Metazoa;Eukaryota;reef-associated
201;Genicanthus watanabei;586822;Genicanthus;Pomacanthidae;Perciformes;Actinopteri;Chordata;Metazoa;Eukaryota;reef-associated
202;Gnathanodon speciosus;326724;Gnathanodon;Carangidae;Carangiformes;Actinopteri;Chordata;Metazoa;Eukaryota;both
203;Gnathodentex aureolineatus;490323;Gnathodentex;Lethrinidae;Spariformes;Actinopteri;Chordata;Metazoa;Eukaryota;reef-associated
204;Gnatholepis anjerensis;194857;Gnatholepis;Gobiidae;Gobiiformes;Actinopteri;Chordata;Metazoa;Eukaryota;reef-associated
205;Gnatholepis cauerensis;166748;Gnatholepis;Gobiidae;Gobiiformes;Actinopteri;Chordata;Metazoa;Eukaryota;reef-associated
206;Gobiodon quinquestrigatus;459508;Gobiodon;Gobiidae;Gobiiformes;Actinopteri;Chordata;Metazoa;Eukaryota;reef-associated
207;Gomphosus varius;8249;Gomphosus;Labridae;Labriformes;Actinopteri;Chordata;Metazoa;Eukaryota;reef-associated
208;Gorgasia galzini;1156111;Gorgasia;Congridae;Anguilliformes;Actinopteri;Chordata;Metazoa;Eukaryota;reef-associated
209;Grammatorcynus bilineatus;372801;Grammatorcynus;Scombridae;Scombriformes;Actinopteri;Chordata;Metazoa;Eukaryota;pelagic
210;Grammistes sexlineatus;270576;Grammistes;Serranidae;Perciformes;Actinopteri;Chordata;Metazoa;Eukaryota;reef-associated
211;Gunnellichthys monostigma;86213;Gunnellichthys;Gobiidae;Gobiiformes;Actinopteri;Chordata;Metazoa;Eukaryota;reef-associated
212;Gymnapogon urospilotus;638135;Gymnapogon;Apogonidae;Kurtiformes;Actinopteri;Chordata;Metazoa;Eukaryota;reef-associated
213;Gymnomuraena zebra;876649;Gymnomuraena;Muraenidae;Anguilliformes;Actinopteri;Chordata;Metazoa;Eukaryota;reef-associated
214;Gymnosarda unicolor;372805;Gymnosarda;Scombridae;Scombriformes;Actinopteri;Chordata;Metazoa;Eukaryota;pelagic
215;Gymnothorax buroensis;876628;Gymnothorax;Muraenidae;Anguilliformes;Actinopteri;Chordata;Metazoa;Eukaryota;reef-associated
216;Gymnothorax chilospilus;473452;Gymnothorax;Muraenidae;Anguilliformes;Actinopteri;Chordata;Metazoa;Eukaryota;reef-associated
217;Gymnothorax fimbriatus;473455;Gymnothorax;Muraenidae;Anguilliformes;Actinopteri;Chordata;Metazoa;Eukaryota;reef-associated
218;Gymnothorax flavimarginatus;217850;Gymnothorax;Muraenidae;Anguilliformes;Actinopteri;Chordata;Metazoa;Eukaryota;reef-associated
219;Gymnothorax formosus;1678198;Gymnothorax;Muraenidae;Anguilliformes;Actinopteri;Chordata;Metazoa;Eukaryota;reef-associated
220;Gymnothorax fuscomaculatus;1146971;Gymnothorax;Muraenidae;Anguilliformes;Actinopteri;Chordata;Metazoa;Eukaryota;reef-associated
221;Gymnothorax gracilicauda;876629;Gymnothorax;Muraenidae;Anguilliformes;Actinopteri;Chordata;Metazoa;Eukaryota;reef-associated
222;Gymnothorax javanicus;473457;Gymnothorax;Muraenidae;Anguilliformes;Actinopteri;Chordata;Metazoa;Eukaryota;reef-associated
223;Gymnothorax margaritophorus;473393;Gymnothorax;Muraenidae;Anguilliformes;Actinopteri;Chordata;Metazoa;Eukaryota;reef-associated
224;Gymnothorax melatremus;700632;Gymnothorax;Muraenidae;Anguilliformes;Actinopteri;Chordata;Metazoa;Eukaryota;reef-associated
225;Gymnothorax meleagris;473458;Gymnothorax;Muraenidae;Anguilliformes;Actinopteri;Chordata;Metazoa;Eukaryota;reef-associated
226;Gymnothorax pictus;876633;Gymnothorax;Muraenidae;Anguilliformes;Actinopteri;Chordata;Metazoa;Eukaryota;reef-associated
227;Gymnothorax pindae;1604524;Gymnothorax;Muraenidae;Anguilliformes;Actinopteri;Chordata;Metazoa;Eukaryota;reef-associated
228;Gymnothorax sp. MOH141;2861088;Gymnothorax;Muraenidae;Anguilliformes;Actinopteri;Chordata;Metazoa;Eukaryota;reef-associated
229;Gymnothorax undulatus;473461;Gymnothorax;Muraenidae;Anguilliformes;Actinopteri;Chordata;Metazoa;Eukaryota;reef-associated
230;Halichoeres claudia;1200944;Halichoeres;Labridae;Labriformes;Actinopteri;Chordata;Metazoa;Eukaryota;reef-associated
231;Halichoeres hortulanus;241293;Halichoeres;Labridae;Labriformes;Actinopteri;Chordata;Metazoa;Eukaryota;reef-associated
232;Halichoeres margaritaceus;241294;Halichoeres;Labridae;Labriformes;Actinopteri;Chordata;Metazoa;Eukaryota;reef-associated
233;Halichoeres marginatus;241295;Halichoeres;Labridae;Labriformes;Actinopteri;Chordata;Metazoa;Eukaryota;reef-associated
234;Halichoeres trimaculatus;147232;Halichoeres;Labridae;Labriformes;Actinopteri;Chordata;Metazoa;Eukaryota;reef-associated
235;Hemigymnus fasciatus;290114;Hemigymnus;Labridae;Labriformes;Actinopteri;Chordata;Metazoa;Eukaryota;reef-associated
236;Hemitaurichthys polylepis;109914;Hemitaurichthys;Chaetodontidae;Chaetodontiformes;Actinopteri;Chordata;Metazoa;Eukaryota;reef-associated
237;Heniochus acuminatus;109917;Heniochus;Chaetodontidae;Chaetodontiformes;Actinopteri;Chordata;Metazoa;Eukaryota;reef-associated
238;Heniochus chrysostomus;109925;Heniochus;Chaetodontidae;Chaetodontiformes;Actinopteri;Chordata;Metazoa;Eukaryota;reef-associated
239;Heniochus monoceros;466131;Heniochus;Chaetodontidae;Chaetodontiformes;Actinopteri;Chordata;Metazoa;Eukaryota;reef-associated
240;Heteropriacanthus cruentatus;342441;Heteropriacanthus;Priacanthidae;Priacanthiformes;Actinopteri;Chordata;Metazoa;Eukaryota;reef-associated
241;Hime japonica;136300;Hime;Aulopidae;Aulopiformes;Actinopteri;Chordata;Metazoa;Eukaryota;reef-associated
242;Hologymnosus annulatus;317482;Hologymnosus;Labridae;Labriformes;Actinopteri;Chordata;Metazoa;Eukaryota;reef-associated
243;Homo sapiens;9606;Homo;Hominidae;Primates;Mammalia;Chordata;Metazoa;Eukaryota;NA
244;Iniistius pavo;990596;Iniistius;Labridae;Labriformes;Actinopteri;Chordata;Metazoa;Eukaryota;reef-associated
245;Istiompax indica;13603;Istiompax;Istiophoridae;Istiophoriformes;Actinopteri;Chordata;Metazoa;Eukaryota;pelagic
246;Katsuwonus pelamis;8226;Katsuwonus;Scombridae;Scombriformes;Actinopteri;Chordata;Metazoa;Eukaryota;pelagic
247;Kaupichthys diodontus;1146974;Kaupichthys;Chlopsidae;Anguilliformes;Actinopteri;Chordata;Metazoa;Eukaryota;reef-associated
248;Kuhlia mugil;163137;Kuhlia;Kuhliidae;Centrarchiformes;Actinopteri;Chordata;Metazoa;Eukaryota;reef-associated
249;Kyphosus pacificus;1260385;Kyphosus;Kyphosidae;Centrarchiformes;Actinopteri;Chordata;Metazoa;Eukaryota;reef-associated
250;Labroides bicolor;241308;Labroides;Labridae;Labriformes;Actinopteri;Chordata;Metazoa;Eukaryota;reef-associated
251;Labroides dimidiatus;241309;Labroides;Labridae;Labriformes;Actinopteri;Chordata;Metazoa;Eukaryota;reef-associated
252;Labroides rubrolabiatus;241310;Labroides;Labridae;Labriformes;Actinopteri;Chordata;Metazoa;Eukaryota;reef-associated
253;Labropsis polynesica;997971;Labropsis;Labridae;Labriformes;Actinopteri;Chordata;Metazoa;Eukaryota;reef-associated
254;Lactoria fornasini;1003748;Lactoria;Ostraciidae;Tetraodontiformes;Actinopteri;Chordata;Metazoa;Eukaryota;reef-associated
255;Leiuranus semicinctus;1156473;Leiuranus;Ophichthidae;Anguilliformes;Actinopteri;Chordata;Metazoa;Eukaryota;reef-associated
256;Lepidozygus tapeinosoma;646045;Lepidozygus;Pomacentridae;Perciformes;Actinopteri;Chordata;Metazoa;Eukaryota;reef-associated
257;Leptoscarus vaigiensis;2913886;Leptoscarus;Labridae;Labriformes;Actinopteri;Chordata;Metazoa;Eukaryota;reef-associated
258;Lethrinus atkinsoni;182648;Lethrinus;Lethrinidae;Spariformes;Actinopteri;Chordata;Metazoa;Eukaryota;reef-associated
259;Lethrinus olivaceus;182660;Lethrinus;Lethrinidae;Spariformes;Actinopteri;Chordata;Metazoa;Eukaryota;reef-associated
260;Lethrinus xanthochilus;490265;Lethrinus;Lethrinidae;Spariformes;Actinopteri;Chordata;Metazoa;Eukaryota;reef-associated
261;Lutjanus bohar;396784;Lutjanus;Lutjanidae;Lutjaniformes;Actinopteri;Chordata;Metazoa;Eukaryota;reef-associated
262;Lutjanus fulvus;260524;Lutjanus;Lutjanidae;Lutjaniformes;Actinopteri;Chordata;Metazoa;Eukaryota;reef-associated
263;Lutjanus gibbus;396786;Lutjanus;Lutjanidae;Lutjaniformes;Actinopteri;Chordata;Metazoa;Eukaryota;reef-associated
264;Lutjanus kasmira;396787;Lutjanus;Lutjanidae;Lutjaniformes;Actinopteri;Chordata;Metazoa;Eukaryota;reef-associated
265;Lutjanus monostigma;396788;Lutjanus;Lutjanidae;Lutjaniformes;Actinopteri;Chordata;Metazoa;Eukaryota;reef-associated
266;Macropharyngodon meleagris;241319;Macropharyngodon;Labridae;Labriformes;Actinopteri;Chordata;Metazoa;Eukaryota;reef-associated
267;Macroramphosus scolopax;206124;Macroramphosus;Centriscidae;Syngnathiformes;Actinopteri;Chordata;Metazoa;Eukaryota;pelagic
268;Makaira nigricans;13604;Makaira;Istiophoridae;Istiophoriformes;Actinopteri;Chordata;Metazoa;Eukaryota;pelagic
269;Melichthys niger;94928;Melichthys;Balistidae;Tetraodontiformes;Actinopteri;Chordata;Metazoa;Eukaryota;reef-associated
270;Melichthys vidua;392900;Melichthys;Balistidae;Tetraodontiformes;Actinopteri;Chordata;Metazoa;Eukaryota;reef-associated
271;Monotaxis grandoculis;384591;Monotaxis;Lethrinidae;Spariformes;Actinopteri;Chordata;Metazoa;Eukaryota;reef-associated
272;Moolgarda engeli;1111464;Moolgarda;Mugilidae;Mugiliformes;Actinopteri;Chordata;Metazoa;Eukaryota;reef-associated
273;Mulloidichthys flavolineatus;652446;Mulloidichthys;Mullidae;Syngnathiformes;Actinopteri;Chordata;Metazoa;Eukaryota;reef-associated
274;Mulloidichthys mimicus;1368620;Mulloidichthys;Mullidae;Syngnathiformes;Actinopteri;Chordata;Metazoa;Eukaryota;reef-associated
275;Mulloidichthys vanicolensis;342443;Mulloidichthys;Mullidae;Syngnathiformes;Actinopteri;Chordata;Metazoa;Eukaryota;reef-associated
276;Myripristis adusta;586832;Myripristis;Holocentridae;Holocentriformes;Actinopteri;Chordata;Metazoa;Eukaryota;reef-associated
277;Myripristis amaena;753638;Myripristis;Holocentridae;Holocentriformes;Actinopteri;Chordata;Metazoa;Eukaryota;reef-associated
278;Myripristis berndti;47700;Myripristis;Holocentridae;Holocentriformes;Actinopteri;Chordata;Metazoa;Eukaryota;reef-associated
279;Myripristis earlei;2589310;Myripristis;Holocentridae;Holocentriformes;Actinopteri;Chordata;Metazoa;Eukaryota;reef-associated
280;Myripristis kuntee;88698;Myripristis;Holocentridae;Holocentriformes;Actinopteri;Chordata;Metazoa;Eukaryota;reef-associated
281;Myripristis murdjan;586833;Myripristis;Holocentridae;Holocentriformes;Actinopteri;Chordata;Metazoa;Eukaryota;reef-associated
282;Myripristis pralinia;753646;Myripristis;Holocentridae;Holocentriformes;Actinopteri;Chordata;Metazoa;Eukaryota;reef-associated
283;Myripristis violacea;47701;Myripristis;Holocentridae;Holocentriformes;Actinopteri;Chordata;Metazoa;Eukaryota;reef-associated
284;Nannosalarias nativitatis;879879;Nannosalarias;Blenniidae;Blenniiformes;Actinopteri;Chordata;Metazoa;Eukaryota;reef-associated
285;Naso brevirostris;238055;Naso;Acanthuridae;Acanthuriformes;Actinopteri;Chordata;Metazoa;Eukaryota;reef-associated
286;Naso hexacanthus;175442;Naso;Acanthuridae;Acanthuriformes;Actinopteri;Chordata;Metazoa;Eukaryota;reef-associated
287;Naso lituratus;75028;Naso;Acanthuridae;Acanthuriformes;Actinopteri;Chordata;Metazoa;Eukaryota;reef-associated
288;Naso unicornis;175444;Naso;Acanthuridae;Acanthuriformes;Actinopteri;Chordata;Metazoa;Eukaryota;reef-associated
289;Naso vlamingii;238067;Naso;Acanthuridae;Acanthuriformes;Actinopteri;Chordata;Metazoa;Eukaryota;reef-associated
290;Nectamia savayensis;316373;Nectamia;Apogonidae;Kurtiformes;Actinopteri;Chordata;Metazoa;Eukaryota;reef-associated
291;Negaprion acutidens;263687;Negaprion;Carcharhinidae;Carcharhiniformes;Chondrichthyes;Chordata;Metazoa;Eukaryota;reef-associated
292;Nemateleotris magnifica;150309;Nemateleotris;Gobiidae;Gobiiformes;Actinopteri;Chordata;Metazoa;Eukaryota;reef-associated
293;Neocirrhites armatus;587057;Neocirrhites;Cirrhitidae;Centrarchiformes;Actinopteri;Chordata;Metazoa;Eukaryota;reef-associated
294;Neoniphon argenteus;47704;Neoniphon;Holocentridae;Holocentriformes;Actinopteri;Chordata;Metazoa;Eukaryota;reef-associated
295;Neoniphon opercularis;1223607;Neoniphon;Holocentridae;Holocentriformes;Actinopteri;Chordata;Metazoa;Eukaryota;reef-associated
296;Neoniphon sammara;47706;Neoniphon;Holocentridae;Holocentriformes;Actinopteri;Chordata;Metazoa;Eukaryota;reef-associated
297;Novaculichthys taeniourus;241500;Novaculichthys;Labridae;Labriformes;Actinopteri;Chordata;Metazoa;Eukaryota;reef-associated
298;Odonus niger;392902;Odonus;Balistidae;Tetraodontiformes;Actinopteri;Chordata;Metazoa;Eukaryota;reef-associated
299;Onigocia bimaculata;1156121;Onigocia;Platycephalidae;Perciformes;Actinopteri;Chordata;Metazoa;Eukaryota;reef-associated
300;Ostorhinchus angustatus;316355;Ostorhinchus;Apogonidae;Kurtiformes;Actinopteri;Chordata;Metazoa;Eukaryota;reef-associated
301;Ostorhinchus apogonoides;316356;Ostorhinchus;Apogonidae;Kurtiformes;Actinopteri;Chordata;Metazoa;Eukaryota;reef-associated
302;Ostorhinchus nigrofasciatus;308070;Ostorhinchus;Apogonidae;Kurtiformes;Actinopteri;Chordata;Metazoa;Eukaryota;reef-associated
303;Ostorhinchus novemfasciatus;316370;Ostorhinchus;Apogonidae;Kurtiformes;Actinopteri;Chordata;Metazoa;Eukaryota;reef-associated
304;Ostorhinchus relativus;1960704;Ostorhinchus;Apogonidae;Kurtiformes;Actinopteri;Chordata;Metazoa;Eukaryota;reef-associated
305;Ostracion cubicus;229058;Ostracion;Ostraciidae;Tetraodontiformes;Actinopteri;Chordata;Metazoa;Eukaryota;reef-associated
306;Ostracion meleagris;342444;Ostracion;Ostraciidae;Tetraodontiformes;Actinopteri;Chordata;Metazoa;Eukaryota;reef-associated
307;Oxycheilinus arenatus;997973;Oxycheilinus;Labridae;Labriformes;Actinopteri;Chordata;Metazoa;Eukaryota;reef-associated
308;Oxycheilinus unifasciatus;241329;Oxycheilinus;Labridae;Labriformes;Actinopteri;Chordata;Metazoa;Eukaryota;reef-associated
309;Oxyurichthys cornutus;1916822;Oxyurichthys;Gobiidae;Gobiiformes;Actinopteri;Chordata;Metazoa;Eukaryota;reef-associated
310;Palutrus pruinosa;2589342;Palutrus;Gobiidae;Gobiiformes;Actinopteri;Chordata;Metazoa;Eukaryota;reef-associated
311;Paracirrhites arcatus;215373;Paracirrhites;Cirrhitidae;Centrarchiformes;Actinopteri;Chordata;Metazoa;Eukaryota;reef-associated
312;Paracirrhites forsteri;100206;Paracirrhites;Cirrhitidae;Centrarchiformes;Actinopteri;Chordata;Metazoa;Eukaryota;reef-associated
313;Paracirrhites hemistictus;1068870;Paracirrhites;Cirrhitidae;Centrarchiformes;Actinopteri;Chordata;Metazoa;Eukaryota;reef-associated
314;Parapercis millepunctata;1156123;Parapercis;Pinguipedidae;Uranoscopiformes;Actinopteri;Chordata;Metazoa;Eukaryota;reef-associated
315;Parupeneus barberinus;475168;Parupeneus;Mullidae;Syngnathiformes;Actinopteri;Chordata;Metazoa;Eukaryota;reef-associated
316;Parupeneus ciliatus;435217;Parupeneus;Mullidae;Syngnathiformes;Actinopteri;Chordata;Metazoa;Eukaryota;reef-associated
317;Parupeneus cyclostomus;586844;Parupeneus;Mullidae;Syngnathiformes;Actinopteri;Chordata;Metazoa;Eukaryota;reef-associated
318;Parupeneus insularis;1156124;Parupeneus;Mullidae;Syngnathiformes;Actinopteri;Chordata;Metazoa;Eukaryota;reef-associated
319;Parupeneus multifasciatus;626244;Parupeneus;Mullidae;Syngnathiformes;Actinopteri;Chordata;Metazoa;Eukaryota;reef-associated
320;Parupeneus pleurostigma;603997;Parupeneus;Mullidae;Syngnathiformes;Actinopteri;Chordata;Metazoa;Eukaryota;reef-associated
321;Pateobatis fai;335001;Pateobatis;Dasyatidae;Myliobatiformes;Chondrichthyes;Chordata;Metazoa;Eukaryota;reef-associated
322;Pempheris oualensis;490270;Pempheris;Pempheridae;Pempheriformes;Actinopteri;Chordata;Metazoa;Eukaryota;reef-associated
323;Pervagor aspricaudus;586845;Pervagor;Monacanthidae;Tetraodontiformes;Actinopteri;Chordata;Metazoa;Eukaryota;reef-associated
324;Pervagor marginalis;2589314;Pervagor;Monacanthidae;Tetraodontiformes;Actinopteri;Chordata;Metazoa;Eukaryota;reef-associated
325;Plagiotremus tapeinosoma;879520;Plagiotremus;Blenniidae;Blenniiformes;Actinopteri;Chordata;Metazoa;Eukaryota;reef-associated
326;Platax orbicularis;75032;Platax;Ephippidae;Ephippiformes;Actinopteri;Chordata;Metazoa;Eukaryota;reef-associated
327;Platybelone argala;129059;Platybelone;Belonidae;Beloniformes;Actinopteri;Chordata;Metazoa;Eukaryota;reef-associated
328;Plectorhinchus picus;586849;Plectorhinchus;Haemulidae;Lutjaniformes;Actinopteri;Chordata;Metazoa;Eukaryota;reef-associated
329;Plectranthias fourmanoiri;1316455;Plectranthias;Serranidae;Perciformes;Actinopteri;Chordata;Metazoa;Eukaryota;reef-associated
330;Plectroglyphidodon dickii;80987;Plectroglyphidodon;Pomacentridae;Perciformes;Actinopteri;Chordata;Metazoa;Eukaryota;reef-associated
331;Plectroglyphidodon imparipennis;997974;Plectroglyphidodon;Pomacentridae;Perciformes;Actinopteri;Chordata;Metazoa;Eukaryota;reef-associated
332;Plectroglyphidodon johnstonianus;997975;Plectroglyphidodon;Pomacentridae;Perciformes;Actinopteri;Chordata;Metazoa;Eukaryota;reef-associated
333;Plectroglyphidodon lacrymatus;80988;Plectroglyphidodon;Pomacentridae;Perciformes;Actinopteri;Chordata;Metazoa;Eukaryota;reef-associated
334;Plectroglyphidodon leucozonus;80989;Plectroglyphidodon;Pomacentridae;Perciformes;Actinopteri;Chordata;Metazoa;Eukaryota;reef-associated
335;Plectroglyphidodon phoenixensis;997976;Plectroglyphidodon;Pomacentridae;Perciformes;Actinopteri;Chordata;Metazoa;Eukaryota;reef-associated
336;Plectroglyphidodon sagmarius;1567460;Plectroglyphidodon;Pomacentridae;Perciformes;Actinopteri;Chordata;Metazoa;Eukaryota;reef-associated
337;Plectropomus laevis;134630;Plectropomus;Serranidae;Perciformes;Actinopteri;Chordata;Metazoa;Eukaryota;reef-associated
338;Plectrypops lima;753651;Plectrypops;Holocentridae;Holocentriformes;Actinopteri;Chordata;Metazoa;Eukaryota;reef-associated
339;Pleurosicya labiata;1156126;Pleurosicya;Gobiidae;Gobiiformes;Actinopteri;Chordata;Metazoa;Eukaryota;reef-associated
340;Polydactylus plebeius;392546;Polydactylus;Polynemidae;Perciformes;Actinopteri;Chordata;Metazoa;Eukaryota;reef-associated
341;Pomacanthus imperator;109711;Pomacanthus;Pomacanthidae;Perciformes;Actinopteri;Chordata;Metazoa;Eukaryota;reef-associated
342;Pomacentrus coelestis;80955;Pomacentrus;Pomacentridae;Perciformes;Actinopteri;Chordata;Metazoa;Eukaryota;reef-associated
343;Pomacentrus pavo;146145;Pomacentrus;Pomacentridae;Perciformes;Actinopteri;Chordata;Metazoa;Eukaryota;reef-associated
344;Pomacentrus vaiuli;161914;Pomacentrus;Pomacentridae;Perciformes;Actinopteri;Chordata;Metazoa;Eukaryota;reef-associated
345;Pomachromis fuscidorsalis;229143;Pomachromis;Pomacentridae;Perciformes;Actinopteri;Chordata;Metazoa;Eukaryota;reef-associated
346;Priacanthus hamrur;398259;Priacanthus;Priacanthidae;Priacanthiformes;Actinopteri;Chordata;Metazoa;Eukaryota;reef-associated
347;Priolepis cincta;166757;Priolepis;Gobiidae;Gobiiformes;Actinopteri;Chordata;Metazoa;Eukaryota;reef-associated
348;Priolepis semidoliata;1156130;Priolepis;Gobiidae;Gobiiformes;Actinopteri;Chordata;Metazoa;Eukaryota;reef-associated
349;Priolepis squamogena;1156131;Priolepis;Gobiidae;Gobiiformes;Actinopteri;Chordata;Metazoa;Eukaryota;reef-associated
350;Prionace glauca;7815;Prionace;Carcharhinidae;Carcharhiniformes;Chondrichthyes;Chordata;Metazoa;Eukaryota;pelagic
351;Pristiapogon exostigma;316347;Pristiapogon;Apogonidae;Kurtiformes;Actinopteri;Chordata;Metazoa;Eukaryota;reef-associated
352;Pristiapogon fraenatus;316348;Pristiapogon;Apogonidae;Kurtiformes;Actinopteri;Chordata;Metazoa;Eukaryota;reef-associated
353;Pristiapogon kallopterus;316349;Pristiapogon;Apogonidae;Kurtiformes;Actinopteri;Chordata;Metazoa;Eukaryota;reef-associated
354;Pseudanthias bicolor;2768254;Pseudanthias;Serranidae;Perciformes;Actinopteri;Chordata;Metazoa;Eukaryota;reef-associated
355;Pseudanthias hiva;1343687;Pseudanthias;Serranidae;Perciformes;Actinopteri;Chordata;Metazoa;Eukaryota;reef-associated
356;Pseudanthias mooreanus;1156135;Pseudanthias;Serranidae;Perciformes;Actinopteri;Chordata;Metazoa;Eukaryota;reef-associated
357;Pseudanthias olivaceus;1156136;Pseudanthias;Serranidae;Perciformes;Actinopteri;Chordata;Metazoa;Eukaryota;reef-associated
358;Pseudanthias pascalus;586855;Pseudanthias;Serranidae;Perciformes;Actinopteri;Chordata;Metazoa;Eukaryota;reef-associated
359;Pseudobalistes flavimarginatus;392903;Pseudobalistes;Balistidae;Tetraodontiformes;Actinopteri;Chordata;Metazoa;Eukaryota;reef-associated
360;Pseudocaranx dentex;349646;Pseudocaranx;Carangidae;Carangiformes;Actinopteri;Chordata;Metazoa;Eukaryota;both
361;Pseudocheilinus evanidus;586857;Pseudocheilinus;Labridae;Labriformes;Actinopteri;Chordata;Metazoa;Eukaryota;reef-associated
362;Pseudocheilinus hexataenia;586858;Pseudocheilinus;Labridae;Labriformes;Actinopteri;Chordata;Metazoa;Eukaryota;reef-associated
363;Pseudocheilinus octotaenia;241335;Pseudocheilinus;Labridae;Labriformes;Actinopteri;Chordata;Metazoa;Eukaryota;reef-associated
364;Pseudocheilinus tetrataenia;586859;Pseudocheilinus;Labridae;Labriformes;Actinopteri;Chordata;Metazoa;Eukaryota;reef-associated
365;Pseudocoris aurantiofasciata;997983;Pseudocoris;Labridae;Labriformes;Actinopteri;Chordata;Metazoa;Eukaryota;reef-associated
366;Pseudodax moluccanus;188119;Pseudodax;Labridae;Labriformes;Actinopteri;Chordata;Metazoa;Eukaryota;reef-associated
367;Pseudojuloides atavai;241339;Pseudojuloides;Labridae;Labriformes;Actinopteri;Chordata;Metazoa;Eukaryota;reef-associated
368;Ptereleotris evides;150323;Ptereleotris;Gobiidae;Gobiiformes;Actinopteri;Chordata;Metazoa;Eukaryota;reef-associated
369;Ptereleotris microlepis;166779;Ptereleotris;Gobiidae;Gobiiformes;Actinopteri;Chordata;Metazoa;Eukaryota;reef-associated
370;Ptereleotris monoptera;166780;Ptereleotris;Gobiidae;Gobiiformes;Actinopteri;Chordata;Metazoa;Eukaryota;reef-associated
371;Ptereleotris zebra;150319;Ptereleotris;Gobiidae;Gobiiformes;Actinopteri;Chordata;Metazoa;Eukaryota;reef-associated
372;Pterocaesio tile;181466;Pterocaesio;Lutjanidae;Lutjaniformes;Actinopteri;Chordata;Metazoa;Eukaryota;reef-associated
373;Pterois antennata;185882;Pterois;Scorpaenidae;Perciformes;Actinopteri;Chordata;Metazoa;Eukaryota;reef-associated
374;Pterois radiata;185885;Pterois;Scorpaenidae;Perciformes;Actinopteri;Chordata;Metazoa;Eukaryota;reef-associated
375;Pygoplites diacanthus;109741;Pygoplites;Pomacanthidae;Perciformes;Actinopteri;Chordata;Metazoa;Eukaryota;reef-associated
376;Rhabdoblennius rhabdotrachelus;2589321;Rhabdoblennius;Blenniidae;Blenniiformes;Actinopteri;Chordata;Metazoa;Eukaryota;reef-associated
377;Rhincodon typus;259920;Rhincodon;Rhincodontidae;Orectolobiformes;Chondrichthyes;Chordata;Metazoa;Eukaryota;pelagic
378;Rhinecanthus aculeatus;245705;Rhinecanthus;Balistidae;Tetraodontiformes;Actinopteri;Chordata;Metazoa;Eukaryota;reef-associated
379;Rhinecanthus lunula;480296;Rhinecanthus;Balistidae;Tetraodontiformes;Actinopteri;Chordata;Metazoa;Eukaryota;reef-associated
380;Rhinecanthus rectangulus;480297;Rhinecanthus;Balistidae;Tetraodontiformes;Actinopteri;Chordata;Metazoa;Eukaryota;reef-associated
381;Sardinops sagax;298279;Sardinops;Clupeidae;Clupeiformes;Actinopteri;Chordata;Metazoa;Eukaryota;pelagic
382;Sargocentron caudimaculatum;88714;Sargocentron;Holocentridae;Holocentriformes;Actinopteri;Chordata;Metazoa;Eukaryota;reef-associated
383;Sargocentron diadema;47709;Sargocentron;Holocentridae;Holocentriformes;Actinopteri;Chordata;Metazoa;Eukaryota;reef-associated
384;Sargocentron microstoma;47710;Sargocentron;Holocentridae;Holocentriformes;Actinopteri;Chordata;Metazoa;Eukaryota;reef-associated
385;Sargocentron punctatissimum;47711;Sargocentron;Holocentridae;Holocentriformes;Actinopteri;Chordata;Metazoa;Eukaryota;reef-associated
386;Sargocentron spiniferum;47712;Sargocentron;Holocentridae;Holocentriformes;Actinopteri;Chordata;Metazoa;Eukaryota;reef-associated
387;Sargocentron tiere;47713;Sargocentron;Holocentridae;Holocentriformes;Actinopteri;Chordata;Metazoa;Eukaryota;reef-associated
388;Sargocentron violaceum;1146984;Sargocentron;Holocentridae;Holocentriformes;Actinopteri;Chordata;Metazoa;Eukaryota;reef-associated
389;Saurida gracilis;990639;Saurida;Synodontidae;Aulopiformes;Actinopteri;Chordata;Metazoa;Eukaryota;reef-associated
390;Saurida nebulosa;1074258;Saurida;Synodontidae;Aulopiformes;Actinopteri;Chordata;Metazoa;Eukaryota;reef-associated
391;Scarus altipinnis;544415;Scarus;Labridae;Labriformes;Actinopteri;Chordata;Metazoa;Eukaryota;reef-associated
392;Scarus chameleon;247620;Scarus;Labridae;Labriformes;Actinopteri;Chordata;Metazoa;Eukaryota;reef-associated
393;Scarus forsteni;242802;Scarus;Labridae;Labriformes;Actinopteri;Chordata;Metazoa;Eukaryota;reef-associated
394;Scarus frenatus;126672;Scarus;Labridae;Labriformes;Actinopteri;Chordata;Metazoa;Eukaryota;reef-associated
395;Scarus ghobban;242806;Scarus;Labridae;Labriformes;Actinopteri;Chordata;Metazoa;Eukaryota;reef-associated
396;Scarus globiceps;247622;Scarus;Labridae;Labriformes;Actinopteri;Chordata;Metazoa;Eukaryota;reef-associated
397;Scarus koputea;1236069;Scarus;Labridae;Labriformes;Actinopteri;Chordata;Metazoa;Eukaryota;reef-associated
398;Scarus oviceps;242808;Scarus;Labridae;Labriformes;Actinopteri;Chordata;Metazoa;Eukaryota;reef-associated
399;Scarus psittacus;247625;Scarus;Labridae;Labriformes;Actinopteri;Chordata;Metazoa;Eukaryota;reef-associated
400;Scarus rubroviolaceus;247628;Scarus;Labridae;Labriformes;Actinopteri;Chordata;Metazoa;Eukaryota;reef-associated
401;Scarus schlegeli;247629;Scarus;Labridae;Labriformes;Actinopteri;Chordata;Metazoa;Eukaryota;reef-associated
402;Scarus spinus;544417;Scarus;Labridae;Labriformes;Actinopteri;Chordata;Metazoa;Eukaryota;reef-associated
403;Scomberoides lysan;334379;Scomberoides;Carangidae;Carangiformes;Actinopteri;Chordata;Metazoa;Eukaryota;both
404;Scorpaenodes guamensis;990641;Scorpaenodes;Scorpaenidae;Perciformes;Actinopteri;Chordata;Metazoa;Eukaryota;reef-associated
405;Scorpaenodes hirsutus;2589324;Scorpaenodes;Scorpaenidae;Perciformes;Actinopteri;Chordata;Metazoa;Eukaryota;reef-associated
406;Scorpaenodes kelloggi;1146986;Scorpaenodes;Scorpaenidae;Perciformes;Actinopteri;Chordata;Metazoa;Eukaryota;reef-associated
407;Scorpaenopsis diabolus;700668;Scorpaenopsis;Scorpaenidae;Perciformes;Actinopteri;Chordata;Metazoa;Eukaryota;reef-associated
408;Sebastapistes fowleri;1156143;Sebastapistes;Scorpaenidae;Perciformes;Actinopteri;Chordata;Metazoa;Eukaryota;reef-associated
409;Sebastapistes strongia;991004;Sebastapistes;Scorpaenidae;Perciformes;Actinopteri;Chordata;Metazoa;Eukaryota;reef-associated
410;Sebastapistes tinkhami;1146990;Sebastapistes;Scorpaenidae;Perciformes;Actinopteri;Chordata;Metazoa;Eukaryota;reef-associated
411;Selar crumenophthalmus;146146;Selar;Carangidae;Carangiformes;Actinopteri;Chordata;Metazoa;Eukaryota;both
412;Siganus argenteus;225755;Siganus;Siganidae;Perciformes;Actinopteri;Chordata;Metazoa;Eukaryota;reef-associated
413;Siganus spinus;225758;Siganus;Siganidae;Perciformes;Actinopteri;Chordata;Metazoa;Eukaryota;reef-associated
414;Sphyraena barracuda;70868;Sphyraena;Sphyraenidae;Perciformes;Actinopteri;Chordata;Metazoa;Eukaryota;reef-associated
415;Sphyraena forsteri;392543;Sphyraena;Sphyraenidae;Perciformes;Actinopteri;Chordata;Metazoa;Eukaryota;reef-associated
416;Sphyraena helleri;392544;Sphyraena;Sphyraenidae;Perciformes;Actinopteri;Chordata;Metazoa;Eukaryota;reef-associated
417;Sphyrna lewini;7823;Sphyrna;Carcharhinidae;Carcharhiniformes;Chondrichthyes;Chordata;Metazoa;Eukaryota;pelagic
418;Sphyrna mokarran;195334;Sphyrna;Carcharhinidae;Carcharhiniformes;Chondrichthyes;Chordata;Metazoa;Eukaryota;pelagic
419;Stanulus seychellensis;1156475;Stanulus;Blenniidae;Blenniiformes;Actinopteri;Chordata;Metazoa;Eukaryota;reef-associated
420;Stegastes albifasciatus;997984;Stegastes;Pomacentridae;Perciformes;Actinopteri;Chordata;Metazoa;Eukaryota;reef-associated
421;Stegastes aureus;1567462;Stegastes;Pomacentridae;Perciformes;Actinopteri;Chordata;Metazoa;Eukaryota;reef-associated
422;Stegastes emeryi;1567463;Stegastes;Pomacentridae;Perciformes;Actinopteri;Chordata;Metazoa;Eukaryota;reef-associated
423;Stegastes fasciolatus;80994;Stegastes;Pomacentridae;Perciformes;Actinopteri;Chordata;Metazoa;Eukaryota;reef-associated
424;Stegastes lividus;80995;Stegastes;Pomacentridae;Perciformes;Actinopteri;Chordata;Metazoa;Eukaryota;reef-associated
425;Stegastes nigricans;351694;Stegastes;Pomacentridae;Perciformes;Actinopteri;Chordata;Metazoa;Eukaryota;reef-associated
426;Stethojulis bandanensis;241348;Stethojulis;Labridae;Labriformes;Actinopteri;Chordata;Metazoa;Eukaryota;reef-associated
427;Stethojulis marquesensis;2589326;Stethojulis;Labridae;Labriformes;Actinopteri;Chordata;Metazoa;Eukaryota;reef-associated
428;Stethojulis strigiventer;997987;Stethojulis;Labridae;Labriformes;Actinopteri;Chordata;Metazoa;Eukaryota;reef-associated
429;Sufflamen bursa;303704;Sufflamen;Balistidae;Tetraodontiformes;Actinopteri;Chordata;Metazoa;Eukaryota;reef-associated
430;Suttonia lineata;1156145;Suttonia;Serranidae;Perciformes;Actinopteri;Chordata;Metazoa;Eukaryota;reef-associated
431;Synodus binotatus;1068868;Synodus;Synodontidae;Aulopiformes;Actinopteri;Chordata;Metazoa;Eukaryota;reef-associated
432;Synodus dermatogenys;1146991;Synodus;Synodontidae;Aulopiformes;Actinopteri;Chordata;Metazoa;Eukaryota;reef-associated
433;Synodus variegatus;261076;Synodus;Synodontidae;Aulopiformes;Actinopteri;Chordata;Metazoa;Eukaryota;reef-associated
434;Thalassoma amblycephalum;239039;Thalassoma;Labridae;Labriformes;Actinopteri;Chordata;Metazoa;Eukaryota;reef-associated
435;Thalassoma hardwicke;219283;Thalassoma;Labridae;Labriformes;Actinopteri;Chordata;Metazoa;Eukaryota;reef-associated
436;Thalassoma lutescens;239049;Thalassoma;Labridae;Labriformes;Actinopteri;Chordata;Metazoa;Eukaryota;reef-associated
437;Thalassoma purpureum;219413;Thalassoma;Labridae;Labriformes;Actinopteri;Chordata;Metazoa;Eukaryota;reef-associated
438;Thalassoma quinquevittatum;219412;Thalassoma;Labridae;Labriformes;Actinopteri;Chordata;Metazoa;Eukaryota;reef-associated
439;Thalassoma trilobatum;239059;Thalassoma;Labridae;Labriformes;Actinopteri;Chordata;Metazoa;Eukaryota;reef-associated
440;Thunnus alalunga;8235;Thunnus;Scombridae;Scombriformes;Actinopteri;Chordata;Metazoa;Eukaryota;pelagic
441;Thunnus albacares;8236;Thunnus;Scombridae;Scombriformes;Actinopteri;Chordata;Metazoa;Eukaryota;pelagic
442;Thunnus obesus;8241;Thunnus;Scombridae;Scombriformes;Actinopteri;Chordata;Metazoa;Eukaryota;pelagic
443;Triaenodon obesus;496413;Triaenodon;Carcharhinidae;Carcharhiniformes;Chondrichthyes;Chordata;Metazoa;Eukaryota;reef-associated
444;Trimmatom nanus;2589334;Trimmatom;Gobiidae;Gobiiformes;Actinopteri;Chordata;Metazoa;Eukaryota;reef-associated
445;Uropterygius alboguttatus;1156147;Uropterygius;Muraenidae;Anguilliformes;Actinopteri;Chordata;Metazoa;Eukaryota;reef-associated
446;Uropterygius macrocephalus;876643;Uropterygius;Muraenidae;Anguilliformes;Actinopteri;Chordata;Metazoa;Eukaryota;reef-associated
447;Valenciennea strigata;150332;Valenciennea;Gobiidae;Gobiiformes;Actinopteri;Chordata;Metazoa;Eukaryota;reef-associated
448;Variola louti;300415;Variola;Serranidae;Perciformes;Actinopteri;Chordata;Metazoa;Eukaryota;reef-associated
449;Wetmorella nigropinnata;241351;Wetmorella;Labridae;Labriformes;Actinopteri;Chordata;Metazoa;Eukaryota;reef-associated
450;Xanthichthys caeruleolineatus;1633482;Xanthichthys;Balistidae;Tetraodontiformes;Actinopteri;Chordata;Metazoa;Eukaryota;reef-associated
451;Xiphias gladius;8245;Xiphias;Xiphiidae;Istiophoriformes;Actinopteri;Chordata;Metazoa;Eukaryota;pelagic
452;Zanclus cornutus;75044;Zanclus;Zanclidae;Acanthuriformes;Actinopteri;Chordata;Metazoa;Eukaryota;reef-associated
453;Zebrasoma rostratum;753649;Zebrasoma;Acanthuridae;Acanthuriformes;Actinopteri;Chordata;Metazoa;Eukaryota;reef-associated
454;Zebrasoma scopas;75046;Zebrasoma;Acanthuridae;Acanthuriformes;Actinopteri;Chordata;Metazoa;Eukaryota;reef-associated
455;Zebrasoma velifer;1311505;Zebrasoma;Acanthuridae;Acanthuriformes;Actinopteri;Chordata;Metazoa;Eukaryota;reef-associated
